{"cameraMode":{"drawMode":0,"name":"Shaded","section":"Shading Mode"},"sceneLighting":true,"audioPlay":false,"sceneViewState":{"m_AlwaysRefresh":false,"showFog":true,"showSkybox":true,"showFlares":true,"showImageEffects":true,"showParticleSystems":true,"showVisualEffectGraphs":true,"m_FxEnabled":true},"in2DMode":false,"pivot":{"x":1.3044544458389283,"y":1.5091063976287842,"z":0.13236583769321443},"rotation":{"x":0.009308011271059513,"y":-0.019503340125083925,"z":0.00018032525258604437,"w":0.9997791051864624},"size":1.3337575197219849,"orthographic":false}